Country\City,Gender,Average Income(USD)
IND,F,681.8181818181818
IND,M,606.060606060606
SL,F,5611.285236533298
SL,M,22413.79298060081
Singapore,F,33189.55141207403
Singapore,M,25373.133696328576
UK,F,1820.0975175442738
UK,M,33908.04579116533